"block","line","early.male.rival","early.male.focal","num.GFP.males","num.DGRP.males","late.male.rival","late.male.focal","num.laying.F.early","female.fitness.early","num.F.late1","num.F.late2","female.fitness.late","male.fitness.early","male.fitness.late","male.fitness.total","female.fitness.total"
"B1","352",12,146,9,NA,1,37,5,4,3,3,40,0.924050632911392,0.973684210526316,0.948867421718854,22
"B1","352",16,34,9,NA,20,46,5,78,4,4,36,0.68,0.696969696969697,0.688484848484848,57
"B1","352",3,18,14,NA,47,116,5,59,3,3,9,0.857142857142857,0.711656441717791,0.784399649430324,34
"B1","352",6,43,9,NA,83,5,5,41,4,4,6,0.877551020408163,0.0568181818181818,0.467184601113173,23.5
"B1","352",9,59,11,NA,64,8,5,19,3,3,18,0.867647058823529,0.111111111111111,0.48937908496732,18.5
"B1","352",2,57,10,NA,94,20,5,0,4,3,28,0.966101694915254,0.175438596491228,0.570770145703241,14
"C1","352",29,150,8,4,41,14,5,0,5,5,71,0.837988826815642,0.254545454545455,0.546267140680548,35.5
"C1","352",79,41,9,3,90,2,5,0,1,1,0,0.341666666666667,0.0217391304347826,0.181702898550725,0
"C1","352",39,118,9,4,19,28,5,0,4,4,41,0.751592356687898,0.595744680851064,0.673668518769481,20.5
"C1","352",8,191,8,4,36,46,5,64,5,5,39,0.959798994974874,0.560975609756098,0.760387302365486,51.5
"C1","352",19,188,9,3,22,53,5,20,4,3,67,0.908212560386473,0.706666666666667,0.80743961352657,43.5
"C1","352",34,99,10,3,15,44,5,108,4,4,40,0.744360902255639,0.745762711864407,0.745061807060023,74
"A2","352",62,116,5,2,3,25,5,124,3,3,29,0.651685393258427,0.892857142857143,0.772271268057785,76.5
"A2","352",8,123,6,5,4,124,5,55,5,5,35,0.938931297709924,0.96875,0.953840648854962,45
"A2","352",31,171,4,4,51,47,5,25,5,3,6,0.846534653465347,0.479591836734694,0.66306324510002,15.5
"A2","352",45,42,5,1,82,80,5,48,4,5,42,0.482758620689655,0.493827160493827,0.488292890591741,45
"A2","352",43,146,0,3,3,135,5,27,2,1,0,0.772486772486772,0.978260869565217,0.875373821025995,13.5
"A2","352",44,64,2,2,5,34,5,96,5,4,34,0.592592592592593,0.871794871794872,0.732193732193732,65
"B2","352",65,94,8,4,112,97,4,152,3,3,32,0.591194968553459,0.464114832535885,0.527654900544672,92
"B2","352",41,117,7,3,139,61,5,44,0,NA,4,0.740506329113924,0.305,0.522753164556962,24
"B2","352",89,77,6,3,81,59,5,18,3,2,15,0.463855421686747,0.421428571428571,0.442641996557659,16.5
"B2","352",85,105,6,1,134,61,5,26,4,3,11,0.552631578947368,0.312820512820513,0.432726045883941,18.5
"B2","352",70,103,5,1,102,55,5,107,5,5,39,0.595375722543353,0.35031847133758,0.472847096940466,73
"B2","352",109,93,6,2,77,50,5,93,5,5,8,0.46039603960396,0.393700787401575,0.427048413502768,50.5
"C2","352",64,71,5,2,40,1,4,78,2,2,0,0.525925925925926,0.024390243902439,0.275158084914182,39
"C2","352",61,35,7,1,71,0,5,125,6,4,0,0.364583333333333,0,0.182291666666667,62.5
"C2","352",79,40,4,1,4,1,5,119,4,4,0,0.336134453781513,0.2,0.268067226890756,59.5
"C2","352",82,50,4,0,100,0,5,104,4,3,0,0.378787878787879,0,0.189393939393939,52
"C2","352",21,70,5,2,39,3,5,155,5,4,61,0.769230769230769,0.0714285714285714,0.42032967032967,108
"C2","352",37,53,6,1,114,8,5,42,4,3,2,0.588888888888889,0.0655737704918033,0.327231329690346,22
"A3","352",57,33,5,2,23,0,5,68,2,2,7,0.366666666666667,0,0.183333333333333,37.5
"A3","352",53,50,5,3,36,36,5,67,2,2,16,0.485436893203884,0.5,0.492718446601942,41.5
"A3","352",76,14,5,0,100,0,5,93,5,4,21,0.155555555555556,0,0.0777777777777778,57
"A3","352",43,28,7,2,40,0,5,65,4,3,2,0.394366197183099,0,0.197183098591549,33.5
"A3","352",41,50,6,2,52,39,5,37,4,3,0,0.549450549450549,0.428571428571429,0.489010989010989,18.5
"A3","352",50,53,0,2,3,2,5,52,3,3,7,0.514563106796116,0.4,0.457281553398058,29.5
"B3","352",39,40,6,2,1,0,5,127,5,4,0,0.506329113924051,0,0.253164556962025,63.5
"B3","352",42,52,4,1,0,0,5,145,4,4,52,0.553191489361702,NA,NA,98.5
"B3","352",18,18,6,2,0,0,5,105,4,4,0,0.5,NA,NA,52.5
"B3","352",45,45,6,1,16,2,4,82,3,3,36,0.5,0.111111111111111,0.305555555555556,59
"B3","352",64,64,7,0,100,0,5,103,2,2,1,0.5,0,0.25,52
"B3","352",66,66,5,1,6,6,5,81,5,4,2,0.5,0.5,0.5,41.5
"C3","352",14,41,5,2,7,0,5,2,4,4,1,0.745454545454545,0,0.372727272727273,1.5
"C3","352",4,21,1,1,21,0,5,10,4,4,0,0.84,0,0.42,5
"C3","352",20,23,5,5,18,0,5,18,4,4,0,0.534883720930233,0,0.267441860465116,9
"C3","352",5,28,7,1,4,1,5,26,4,4,0,0.848484848484849,0.2,0.524242424242424,13
"C3","352",20,43,6,4,0,0,5,86,5,5,0,0.682539682539683,NA,NA,43
"C3","352",13,28,7,4,4,7,4,36,2,2,5,0.682926829268293,0.636363636363636,0.659645232815965,20.5
"A4","352",21,17,9,2,14,4,4,59,3,3,1,0.447368421052632,0.222222222222222,0.334795321637427,30
"A4","352",10,17,7,2,32,0,5,20,5,5,0,0.62962962962963,0,0.314814814814815,10
"A4","352",8,48,5,3,20,6,5,101,3,3,14,0.857142857142857,0.230769230769231,0.543956043956044,57.5
"A4","352",25,44,8,3,13,3,5,90,5,5,26,0.63768115942029,0.1875,0.412590579710145,58
"A4","352",2,62,8,2,12,0,5,54,3,3,0,0.96875,0,0.484375,27
"A4","352",23,51,8,3,25,0,5,42,4,5,1,0.689189189189189,0,0.344594594594595,21.5
"C3","129",9,14,6,4,0,3,5,142,4,4,17,0.608695652173913,1,0.804347826086957,79.5
"C3","129",30,46,8,3,0,34,5,155,4,4,73,0.605263157894737,1,0.802631578947368,114
"C3","129",11,8,7,4,0,13,5,100,5,5,14,0.421052631578947,1,0.710526315789474,57
"C3","129",6,11,7,4,4,28,5,142,5,5,22,0.647058823529412,0.875,0.761029411764706,82
"C3","129",6,34,7,5,19,11,3,103,3,3,0,0.85,0.366666666666667,0.608333333333333,51.5
"C3","129",5,43,5,4,4,29,4,93,4,4,3,0.895833333333333,0.878787878787879,0.887310606060606,48
"A3","136",28,52,9,5,44,18,5,171,4,4,24,0.65,0.290322580645161,0.470161290322581,97.5
"A3","136",50,44,3,3,33,55,5,117,3,3,1,0.468085106382979,0.625,0.546542553191489,59
"A3","136",55,36,4,5,7,48,5,151,4,4,53,0.395604395604396,0.872727272727273,0.634165834165834,102
"A3","136",38,52,5,4,43,27,5,91,3,3,5,0.577777777777778,0.385714285714286,0.481746031746032,48
"A3","136",80,47,3,4,19,39,5,146,3,3,66,0.37007874015748,0.672413793103448,0.521246266630464,106
"A3","136",46,30,4,2,100,30,5,76,2,2,12,0.394736842105263,0.230769230769231,0.312753036437247,44
"C1","138",5,197,7,5,0,120,5,205,5,5,125,0.975247524752475,1,0.987623762376238,165
"C1","138",4,173,8,4,50,33,5,183,4,3,67,0.977401129943503,0.397590361445783,0.687495745694643,125
"C1","138",19,169,9,4,42,46,4,85,4,4,108,0.898936170212766,0.522727272727273,0.710831721470019,96.5
"C1","138",39,191,8,5,68,103,5,78,5,4,134,0.830434782608696,0.60233918128655,0.716386981947623,106
"C1","138",27,196,8,3,38,55,5,128,5,4,113,0.878923766816143,0.591397849462366,0.735160808139255,120.5
"C1","138",19,158,9,4,16,28,5,169,4,4,165,0.892655367231638,0.636363636363636,0.764509501797637,167
"A4","142",16,115,2,2,2,9,5,74,4,4,0,0.877862595419847,0.818181818181818,0.848022206800833,37
"A4","142",46,36,6,5,10,0,5,22,3,3,0,0.439024390243902,0,0.219512195121951,11
"A4","142",54,29,5,2,14,5,5,11,5,5,0,0.349397590361446,0.263157894736842,0.306277742549144,5.5
"A4","142",33,27,13,5,37,2,4,7,3,3,0,0.45,0.0512820512820513,0.250641025641026,3.5
"A4","142",16,25,1,2,0,0,5,12,5,4,0,0.609756097560976,NA,NA,6
"A4","142",21,25,7,4,28,2,5,18,4,5,0,0.543478260869565,0.0666666666666667,0.305072463768116,9
"C1","153",77,177,8,3,21,54,5,66,4,3,7,0.696850393700787,0.72,0.708425196850394,36.5
"C1","153",30,131,8,3,8,74,5,47,5,5,10,0.813664596273292,0.902439024390244,0.858051810331768,28.5
"C1","153",62,115,9,3,78,11,5,78,4,4,14,0.649717514124294,0.123595505617978,0.386656509871136,46
"C1","153",84,87,6,0,100,0,5,75,4,2,1,0.508771929824561,0,0.254385964912281,38
"C1","153",56,111,9,2,13,32,5,66,3,3,16,0.664670658682635,0.711111111111111,0.687890884896873,41
"C1","153",69,110,10,4,33,31,4,69,3,2,0,0.614525139664804,0.484375,0.549450069832402,34.5
"C1","176",117,64,7,3,48,20,5,58,3,1,1,0.353591160220994,0.294117647058824,0.323854403639909,29.5
"C1","176",43,105,5,0,100,0,5,81,1,1,0,0.709459459459459,0,0.35472972972973,40.5
"C1","176",79,26,9,1,42,1,5,43,0,0,NA,0.247619047619048,0.0232558139534884,0.135437430786268,NA
"C1","176",104,78,10,0,100,0,5,57,3,2,1,0.428571428571429,0,0.214285714285714,29
"C1","176",116,59,7,0,100,0,5,88,2,2,1,0.337142857142857,0,0.168571428571429,44.5
"C1","176",116,101,7,0,100,0,4,29,2,2,0,0.465437788018433,0,0.232718894009217,14.5
"A3","181",94,143,6,1,38,9,5,114,1,1,0,0.60337552742616,0.191489361702128,0.397432444564144,57
"A3","181",55,26,2,1,0,0,5,66,2,0,NA,0.320987654320988,NA,NA,NA
"A3","181",41,18,3,1,33,5,5,143,3,2,0,0.305084745762712,0.131578947368421,0.218331846565566,71.5
"A3","181",51,29,8,0,100,0,5,91,2,2,0,0.3625,0,0.18125,45.5
"A3","181",78,49,6,0,100,0,5,61,1,0,NA,0.385826771653543,0,0.192913385826772,NA
"A3","181",58,27,7,2,1,0,5,133,1,1,0,0.317647058823529,0,0.158823529411765,66.5
"C3","195",27,12,8,4,9,27,5,100,4,4,0,0.307692307692308,0.75,0.528846153846154,50
"C3","195",30,28,3,3,21,13,5,85,2,2,1,0.482758620689655,0.382352941176471,0.432555780933063,43
"C3","195",33,19,3,4,0,4,5,108,2,2,7,0.365384615384615,1,0.682692307692308,57.5
"C3","195",24,37,4,4,4,19,4,31,4,3,0,0.60655737704918,0.826086956521739,0.71632216678546,15.5
"C3","195",23,35,5,3,1,8,5,124,5,4,2,0.603448275862069,0.888888888888889,0.746168582375479,63
"C3","195",13,8,6,4,4,11,4,72,2,2,0,0.380952380952381,0.733333333333333,0.557142857142857,36
"C2","208",46,34,7,3,13,16,5,152,4,4,0,0.425,0.551724137931034,0.488362068965517,76
"C2","208",84,89,7,4,34,36,5,214,5,5,47,0.514450867052023,0.514285714285714,0.514368290668869,130.5
"C2","208",42,106,2,4,8,28,5,174,5,3,1,0.716216216216216,0.777777777777778,0.746996996996997,87.5
"C2","208",65,82,3,2,4,28,4,194,3,3,1,0.557823129251701,0.875,0.71641156462585,97.5
"C2","208",42,74,7,5,12,5,4,165,4,4,0,0.637931034482759,0.294117647058824,0.466024340770791,82.5
"C2","208",74,55,5,4,22,3,5,0,NA,NA,0,0.426356589147287,0.12,0.273178294573643,0
"C2","21",104,58,8,3,33,32,4,175,2,1,0,0.358024691358025,0.492307692307692,0.425166191832859,87.5
"C2","21",26,13,7,3,32,10,5,148,5,4,0,0.333333333333333,0.238095238095238,0.285714285714286,74
"C2","21",74,7,5,0,100,0,5,143,4,3,0,0.0864197530864197,0,0.0432098765432099,71.5
"C2","21",48,38,9,4,2,18,5,130,2,2,0,0.441860465116279,0.9,0.67093023255814,65
"C2","21",72,32,7,1,2,0,5,94,3,3,0,0.307692307692308,0,0.153846153846154,47
"C2","21",69,61,7,0,0,0,0,0,NA,NA,0,0.469230769230769,NA,NA,0
"C1","217",106,114,6,4,63,74,5,134,5,5,4,0.518181818181818,0.54014598540146,0.529163901791639,69
"C1","217",49,83,7,4,135,109,5,150,3,3,28,0.628787878787879,0.44672131147541,0.537754595131644,89
"C1","217",73,72,8,4,36,11,5,118,5,3,2,0.496551724137931,0.234042553191489,0.36529713866471,60
"C1","217",32,128,6,5,13,4,5,100,3,3,27,0.8,0.235294117647059,0.517647058823529,63.5
"C1","217",71,104,9,3,49,15,5,85,2,3,32,0.594285714285714,0.234375,0.414330357142857,58.5
"C1","217",44,151,10,4,20,41,5,116,5,3,6,0.774358974358974,0.672131147540984,0.723245060949979,61
"C2","228",140,15,4,1,7,1,5,183,5,4,3,0.0967741935483871,0.125,0.110887096774194,93
"C2","228",109,0,9,2,54,0,5,193,4,3,1,0,0,0,97
"C2","228",35,110,2,5,21,0,5,213,4,3,4,0.758620689655172,0,0.379310344827586,108.5
"C2","228",138,90,3,2,62,0,5,168,4,1,0,0.394736842105263,0,0.197368421052632,84
"C2","228",105,39,6,2,73,4,5,179,4,3,0,0.270833333333333,0.051948051948052,0.161390692640693,89.5
"C2","228",63,78,7,3,33,16,5,186,5,5,3,0.553191489361702,0.326530612244898,0.4398610508033,94.5
"C1","229",74,56,8,3,72,19,5,34,4,4,26,0.430769230769231,0.208791208791209,0.31978021978022,30
"C1","229",59,37,7,1,102,10,5,0,4,4,59,0.385416666666667,0.0892857142857143,0.23735119047619,29.5
"C1","229",84,92,8,3,59,7,5,84,4,4,48,0.522727272727273,0.106060606060606,0.314393939393939,66
"C1","229",69,146,10,1,42,30,5,76,1,1,27,0.67906976744186,0.416666666666667,0.547868217054264,51.5
"C1","229",89,33,8,3,30,16,4,76,4,5,10,0.270491803278689,0.347826086956522,0.309158945117605,43
"C1","229",76,52,9,4,48,60,4,90,3,NA,8,0.40625,0.555555555555556,0.480902777777778,49
"C2","235",31,65,6,1,11,0,4,257,4,4,50,0.677083333333333,0,0.338541666666667,153.5
"C2","235",54,48,3,1,17,35,5,222,4,4,3,0.470588235294118,0.673076923076923,0.57183257918552,112.5
"C2","235",90,66,6,5,32,21,5,145,4,4,40,0.423076923076923,0.39622641509434,0.409651669085631,92.5
"C2","235",39,90,4,2,35,66,5,247,5,3,4,0.697674418604651,0.653465346534653,0.675569882569652,125.5
"C2","235",81,87,6,4,34,21,5,63,4,4,1,0.517857142857143,0.381818181818182,0.449837662337662,32
"C2","235",48,82,7,4,37,56,5,195,4,4,6,0.630769230769231,0.602150537634409,0.61645988420182,100.5
"C2","237",58,51,8,4,2,23,5,190,4,4,35,0.467889908256881,0.92,0.69394495412844,112.5
"C2","237",48,43,6,5,13,3,5,194,4,3,142,0.472527472527473,0.1875,0.330013736263736,168
"C2","237",104,18,8,5,45,0,5,136,3,3,2,0.147540983606557,0,0.0737704918032787,69
"C2","237",107,51,6,1,37,27,5,249,5,5,1,0.322784810126582,0.421875,0.372329905063291,125
"C2","237",79,87,5,1,102,10,4,119,3,0,0,0.524096385542169,0.0892857142857143,0.306691049913941,59.5
"C2","237",19,74,7,4,133,43,5,159,5,4,0,0.795698924731183,0.244318181818182,0.520008553274682,79.5
"C2","239",84,26,6,0,100,0,5,104,3,3,12,0.236363636363636,0,0.118181818181818,58
"C2","239",118,50,7,1,47,1,3,79,2,1,9,0.297619047619048,0.0208333333333333,0.15922619047619,44
"C2","239",111,46,5,1,57,0,5,83,2,2,0,0.292993630573248,0,0.146496815286624,41.5
"C2","239",108,47,6,2,10,1,5,81,3,1,0,0.303225806451613,0.0909090909090909,0.197067448680352,40.5
"C2","239",116,37,8,2,2,0,5,114,1,0,0,0.241830065359477,0,0.120915032679739,57
"C2","239",66,35,9,5,36,1,5,84,2,1,4,0.346534653465347,0.027027027027027,0.186780840246187,44
"C2","26",94,2,6,0,100,0,5,54,4,2,0,0.0208333333333333,0,0.0104166666666667,27
"C2","26",81,28,7,0,100,0,5,90,3,1,10,0.256880733944954,0,0.128440366972477,50
"C2","26",85,83,7,0,100,0,5,56,2,1,0,0.494047619047619,0,0.24702380952381,28
"C2","26",111,20,6,0,100,0,4,53,3,3,0,0.152671755725191,0,0.0763358778625954,26.5
"C2","26",77,54,6,1,17,0,0,22,4,1,0,0.412213740458015,0,0.206106870229008,11
"C2","26",84,19,7,0,100,0,0,78,1,0,0,0.184466019417476,0,0.0922330097087379,39
"C1","280",41,86,7,5,0,0,4,10,3,3,9,0.677165354330709,NA,NA,9.5
"C1","280",54,41,9,5,33,0,5,54,4,4,26,0.431578947368421,0,0.215789473684211,40
"C1","280",52,101,8,5,95,32,5,1,5,5,29,0.660130718954248,0.251968503937008,0.456049611445628,15
"C1","280",59,70,8,3,31,5,3,51,2,2,8,0.542635658914729,0.138888888888889,0.340762273901809,29.5
"C1","280",94,47,10,3,15,13,5,35,4,4,16,0.333333333333333,0.464285714285714,0.398809523809524,25.5
"C1","280",155,87,9,5,71,11,5,36,4,4,20,0.359504132231405,0.134146341463415,0.24682523684741,28
"C2","301",57,48,8,4,90,0,5,185,3,3,15,0.457142857142857,0,0.228571428571429,100
"C2","301",7,58,7,4,42,14,5,170,5,5,0,0.892307692307692,0.25,0.571153846153846,85
"C2","301",33,54,8,2,2,0,5,195,5,5,0,0.620689655172414,0,0.310344827586207,97.5
"C2","301",25,109,9,4,16,2,4,120,4,4,3,0.813432835820896,0.111111111111111,0.462271973466003,61.5
"C2","301",35,55,9,5,22,11,5,163,4,0,0,0.611111111111111,0.333333333333333,0.472222222222222,81.5
"C2","301",32,80,8,4,74,52,5,151,4,3,0,0.714285714285714,0.412698412698413,0.563492063492063,75.5
"B3","303",19,64,7,5,7,5,5,67,3,3,1,0.771084337349398,0.416666666666667,0.593875502008032,34
"B3","303",125,44,5,1,0,0,5,129,5,4,8,0.260355029585799,NA,NA,68.5
"B3","303",50,24,9,5,14,0,5,66,5,5,1,0.324324324324324,0,0.162162162162162,33.5
"B3","303",52,27,6,4,42,1,5,115,5,5,10,0.341772151898734,0.0232558139534884,0.182513982926111,62.5
"B3","303",48,36,4,1,10,1,5,119,5,5,2,0.428571428571429,0.0909090909090909,0.25974025974026,60.5
"B3","303",23,24,7,4,14,9,4,93,4,2,1,0.51063829787234,0.391304347826087,0.450971322849214,47
"C2","306",101,19,5,4,90,0,4,145,4,4,0,0.158333333333333,0,0.0791666666666667,72.5
"C2","306",100,45,7,4,42,2,5,116,5,4,49,0.310344827586207,0.0454545454545455,0.177899686520376,82.5
"C2","306",101,64,7,4,2,0,5,108,5,4,0,0.387878787878788,0,0.193939393939394,54
"C2","306",141,10,7,3,16,16,5,56,5,3,0,0.0662251655629139,0.5,0.283112582781457,28
"C2","306",107,14,7,4,22,2,5,65,5,5,2,0.115702479338843,0.0833333333333333,0.0995179063360881,33.5
"C2","306",70,31,6,5,11,26,5,183,5,4,7,0.306930693069307,0.702702702702703,0.504816697886005,95
"C1","307",52,123,5,4,6,0,4,46,4,4,68,0.702857142857143,0,0.351428571428571,57
"C1","307",24,80,8,4,102,4,5,99,4,4,73,0.769230769230769,0.0377358490566038,0.403483309143687,86
"C1","307",98,123,10,4,63,12,5,50,4,4,43,0.556561085972851,0.16,0.358280542986425,46.5
"C1","307",5,91,9,4,82,6,5,53,4,4,66,0.947916666666667,0.0681818181818182,0.508049242424242,59.5
"C1","307",48,115,8,5,32,30,5,167,3,3,39,0.705521472392638,0.483870967741935,0.594696220067287,103
"C1","307",24,110,9,3,4,6,5,129,4,3,50,0.82089552238806,0.6,0.71044776119403,89.5
"C2","313",61,48,4,2,56,0,3,95,3,3,3,0.440366972477064,0,0.220183486238532,49
"C2","313",45,86,4,3,3,21,5,88,5,4,0,0.656488549618321,0.875,0.76574427480916,44
"C2","313",68,69,3,4,12,125,5,86,4,4,0,0.503649635036496,0.912408759124088,0.708029197080292,43
"C2","313",75,37,4,3,5,23,5,79,5,5,0,0.330357142857143,0.821428571428571,0.575892857142857,39.5
"C2","313",85,79,6,2,11,37,4,68,3,2,0,0.481707317073171,0.770833333333333,0.626270325203252,34
"C2","313",51,54,8,4,166,56,5,89,3,3,0,0.514285714285714,0.252252252252252,0.383268983268983,44.5
"B3","320",37,97,4,4,1,0,5,228,3,2,2,0.723880597014925,0,0.361940298507463,115
"B3","320",27,56,6,4,9,0,4,149,4,3,9,0.674698795180723,0,0.337349397590361,79
"B3","320",57,95,4,2,2,0,4,123,4,4,16,0.625,0,0.3125,69.5
"B3","320",56,29,7,3,28,1,5,208,4,4,5,0.341176470588235,0.0344827586206897,0.187829614604462,106.5
"B3","320",30,67,4,2,0,0,4,102,2,2,0,0.690721649484536,NA,NA,51
"B3","320",27,16,7,4,72,30,4,166,4,4,1,0.372093023255814,0.294117647058824,0.333105335157319,83.5
"A3","321",48,38,2,1,0,0,5,85,1,1,0,0.441860465116279,NA,NA,42.5
"A3","321",32,42,4,2,24,0,5,78,3,2,0,0.567567567567568,0,0.283783783783784,39
"A3","321",49,37,4,2,35,20,5,17,3,1,0,0.430232558139535,0.363636363636364,0.396934460887949,8.5
"A3","321",33,43,6,2,80,10,5,80,2,2,0,0.565789473684211,0.111111111111111,0.338450292397661,40
"A3","321",44,25,8,2,53,26,5,100,4,4,0,0.36231884057971,0.329113924050633,0.345716382315172,50
"A3","321",131,23,5,1,101,5,4,94,1,1,1,0.149350649350649,0.0471698113207547,0.098260230335702,47.5
"C2","324",43,72,5,4,19,9,5,108,3,2,0,0.626086956521739,0.321428571428571,0.473757763975155,54
"C2","324",72,58,6,3,33,8,5,116,3,2,0,0.446153846153846,0.195121951219512,0.320637898686679,58
"C2","324",27,104,2,2,4,26,5,153,4,4,0,0.793893129770992,0.866666666666667,0.83027989821883,76.5
"C2","324",35,69,4,5,44,35,4,141,4,4,7,0.663461538461538,0.443037974683544,0.553249756572541,74
"C2","324",42,58,7,3,8,35,4,143,4,3,0,0.58,0.813953488372093,0.696976744186046,71.5
"C2","324",39,55,5,4,21,139,5,128,3,2,0,0.585106382978723,0.86875,0.726928191489362,64
"A4","332",31,4,7,5,9,3,5,33,4,2,1,0.114285714285714,0.25,0.182142857142857,17
"A4","332",52,21,9,4,0,2,4,14,4,4,0,0.287671232876712,1,0.643835616438356,7
"A4","332",17,24,8,3,8,4,5,25,4,4,0,0.585365853658537,0.333333333333333,0.459349593495935,12.5
"A4","332",31,9,10,4,0,0,5,29,4,2,0,0.225,NA,NA,14.5
"A4","332",18,20,9,4,0,0,5,35,3,3,0,0.526315789473684,NA,NA,17.5
"A4","332",7,4,8,1,3,0,4,15,4,4,0,0.363636363636364,0,0.181818181818182,7.5
"A3","338",24,50,9,3,7,10,5,256,3,3,0,0.675675675675676,0.588235294117647,0.631955484896661,128
"A3","338",22,17,9,3,77,25,5,244,4,4,0,0.435897435897436,0.245098039215686,0.340497737556561,122
"A3","338",39,27,9,4,4,23,5,243,4,5,0,0.409090909090909,0.851851851851852,0.630471380471381,121.5
"A3","338",25,33,8,1,43,7,5,176,5,5,1,0.568965517241379,0.14,0.35448275862069,88.5
"A3","338",48,50,6,4,0,28,5,162,5,5,0,0.510204081632653,1,0.755102040816326,81
"A3","338",35,47,5,1,38,3,5,221,4,4,28,0.573170731707317,0.0731707317073171,0.323170731707317,124.5
"A3","350",58,53,5,1,12,1,4,61,3,3,2,0.477477477477477,0.0769230769230769,0.277200277200277,31.5
"A3","350",32,56,3,1,44,0,5,81,4,4,0,0.636363636363636,0,0.318181818181818,40.5
"A3","350",44,43,2,2,3,10,4,28,2,2,0,0.494252873563218,0.769230769230769,0.631741821396994,14
"A3","350",32,54,8,2,47,23,5,42,2,2,1,0.627906976744186,0.328571428571429,0.478239202657807,21.5
"A3","350",59,13,2,3,17,13,5,141,4,4,0,0.180555555555556,0.433333333333333,0.306944444444444,70.5
"A3","350",54,40,4,4,28,36,4,89,2,1,3,0.425531914893617,0.5625,0.494015957446808,46
"C3","356",32,19,2,3,4,0,4,46,1,1,0,0.372549019607843,0,0.186274509803922,23
"C3","356",33,35,6,3,9,15,4,63,2,2,3,0.514705882352941,0.625,0.569852941176471,33
"C3","356",50,27,6,5,0,1,4,46,2,1,0,0.350649350649351,1,0.675324675324675,23
"C3","356",15,15,0,2,NA,10,5,60,5,1,0,0.5,NA,NA,30
"C3","356",14,16,5,2,4,0,5,162,0,NA,NA,0.533333333333333,0,0.266666666666667,NA
"C3","356",42,35,4,1,0,0,5,87,3,2,5,0.454545454545455,NA,NA,46
"A4","357",31,38,5,0,NA,NA,5,49,3,3,6,0.550724637681159,NA,NA,27.5
"A4","357",36,20,6,1,0,1,5,122,1,1,0,0.357142857142857,1,0.678571428571429,61
"A4","357",24,37,8,2,1,1,5,108,2,2,0,0.60655737704918,0.5,0.55327868852459,54
"A4","357",37,26,7,3,5,1,5,116,1,1,7,0.412698412698413,0.166666666666667,0.28968253968254,61.5
"A4","357",6,1,6,2,19,0,4,87,1,1,13,0.142857142857143,0,0.0714285714285714,50
"A4","357",19,4,9,4,0,0,5,99,1,1,13,0.173913043478261,NA,NA,56
"A2","360",105,76,10,1,96,97,2,36,2,2,29,0.419889502762431,0.50259067357513,0.46124008816878,32.5
"A2","360",146,9,7,3,89,80,4,53,4,3,39,0.0580645161290323,0.473372781065089,0.265718648597061,46
"A2","360",51,46,7,0,100,0,5,69,5,4,7,0.474226804123711,0,0.237113402061856,38
"A2","360",77,64,7,0,100,0,5,114,3,4,6,0.453900709219858,0,0.226950354609929,60
"A2","360",82,71,7,2,101,78,5,94,5,5,40,0.464052287581699,0.435754189944134,0.449903238762917,67
"A2","360",56,68,7,2,152,85,4,82,4,3,28,0.548387096774194,0.358649789029536,0.453518442901865,55
"A2","361",81,75,8,4,44,105,5,58,3,3,36,0.480769230769231,0.704697986577181,0.592733608673206,47
"A2","361",159,38,8,4,48,109,5,97,4,4,30,0.192893401015228,0.694267515923567,0.443580458469398,63.5
"A2","361",28,52,2,3,28,110,4,76,5,5,16,0.65,0.797101449275362,0.723550724637681,46
"A2","361",46,27,7,0,100,0,4,91,2,2,21,0.36986301369863,0,0.184931506849315,56
"A2","361",23,115,9,5,52,98,5,87,4,4,19,0.833333333333333,0.653333333333333,0.743333333333333,53
"A2","361",24,26,8,5,66,128,3,46,3,1,0,0.52,0.65979381443299,0.589896907216495,23
"B3","361",60,31,4,3,1,0,5,110,1,1,1,0.340659340659341,0,0.17032967032967,55.5
"B3","361",60,12,5,3,0,0,5,99,3,3,1,0.166666666666667,NA,NA,50
"B3","361",45,26,9,4,0,1,5,52,2,2,11,0.366197183098592,1,0.683098591549296,31.5
"B3","361",61,50,6,3,3,0,5,92,5,4,0,0.45045045045045,0,0.225225225225225,46
"B3","361",60,18,5,3,11,0,5,85,4,4,7,0.230769230769231,0,0.115384615384615,46
"B3","361",28,32,7,3,40,21,4,39,3,3,1,0.533333333333333,0.344262295081967,0.43879781420765,20
"A4","362",0,17,8,5,16,11,4,70,2,2,0,1,0.407407407407407,0.703703703703704,35
"A4","362",0,42,4,3,13,6,5,68,5,4,0,1,0.315789473684211,0.657894736842105,34
"A4","362",9,7,9,5,7,19,5,74,3,3,1,0.4375,0.730769230769231,0.584134615384615,37.5
"A4","362",8,41,8,3,12,0,4,81,3,2,0,0.836734693877551,0,0.418367346938776,40.5
"A4","362",9,22,8,5,3,1,5,84,3,3,0,0.709677419354839,0.25,0.479838709677419,42
"A4","362",19,9,9,5,5,17,5,66,4,4,0,0.321428571428571,0.772727272727273,0.547077922077922,33
"A3","367",71,4,7,1,41,0,4,135,3,2,0,0.0533333333333333,0,0.0266666666666667,67.5
"A3","367",81,20,4,1,20,0,5,139,3,2,0,0.198019801980198,0,0.099009900990099,69.5
"A3","367",95,14,3,1,41,0,4,152,3,2,0,0.128440366972477,0,0.0642201834862385,76
"A3","367",38,17,6,2,47,6,4,136,3,2,0,0.309090909090909,0.113207547169811,0.21114922813036,68
"A3","367",79,16,7,1,34,0,5,141,3,3,0,0.168421052631579,0,0.0842105263157895,70.5
"A3","367",32,9,7,3,22,13,5,190,5,4,0,0.219512195121951,0.371428571428571,0.295470383275261,95
"A2","370",24,157,5,4,71,140,2,45,3,1,3,0.867403314917127,0.663507109004739,0.765455211960933,24
"A2","370",59,120,7,0,100,0,5,96,4,4,12,0.670391061452514,0,0.335195530726257,54
"A2","370",0,4,6,1,66,39,5,34,2,2,0,1,0.371428571428571,0.685714285714286,17
"A2","370",30,74,3,1,20,71,5,75,4,1,0,0.711538461538462,0.78021978021978,0.745879120879121,37.5
"A2","370",84,99,7,1,94,118,4,47,4,4,0,0.540983606557377,0.556603773584906,0.548793690071141,23.5
"A2","370",77,129,6,0,100,0,5,68,5,4,1,0.62621359223301,0,0.313106796116505,34.5
"A4","371",5,24,4,3,0,0,4,8,2,2,0,0.827586206896552,NA,NA,4
"A4","371",13,31,9,5,2,0,5,97,5,5,12,0.704545454545455,0,0.352272727272727,54.5
"A4","371",7,25,7,1,8,0,5,88,5,5,1,0.78125,0,0.390625,44.5
"A4","371",2,22,7,4,2,2,5,86,4,4,0,0.916666666666667,0.5,0.708333333333333,43
"A4","371",11,66,9,3,3,1,5,110,5,5,1,0.857142857142857,0.25,0.553571428571429,55.5
"A4","371",2,17,3,4,0,0,5,92,5,5,NA,0.894736842105263,NA,NA,NA
"C2","373",49,61,5,2,0,0,4,138,3,3,2,0.554545454545455,NA,NA,70
"C2","373",93,40,5,3,0,3,5,63,1,1,0,0.300751879699248,1,0.650375939849624,31.5
"C2","373",115,27,6,2,42,0,5,135,3,2,4,0.190140845070423,0,0.0950704225352113,69.5
"C2","373",105,74,6,4,76,2,5,57,5,1,0,0.41340782122905,0.0256410256410256,0.219524423435038,28.5
"C2","373",78,28,6,3,12,0,5,168,3,3,0,0.264150943396226,0,0.132075471698113,84
"C2","373",73,28,4,2,81,6,4,157,3,3,3,0.277227722772277,0.0689655172413793,0.173096620006828,80
"C2","375",69,33,6,2,7,1,4,115,4,4,0,0.323529411764706,0.125,0.224264705882353,57.5
"C2","375",81,93,7,1,0,0,5,134,5,4,0,0.53448275862069,NA,NA,67
"C2","375",80,66,3,4,5,2,5,149,5,5,9,0.452054794520548,0.285714285714286,0.368884540117417,79
"C2","375",73,75,6,4,41,7,4,87,4,4,0,0.506756756756757,0.145833333333333,0.326295045045045,43.5
"C2","375",71,81,5,3,87,51,5,62,5,4,0,0.532894736842105,0.369565217391304,0.451229977116705,31
"C2","375",26,83,8,5,21,44,5,117,4,3,3,0.761467889908257,0.676923076923077,0.719195483415667,60
"C3","379",30,25,6,3,30,1,5,39,5,5,0,0.454545454545455,0.032258064516129,0.243401759530792,19.5
"C3","379",47,41,6,2,5,0,5,111,5,5,9,0.465909090909091,0,0.232954545454545,60
"C3","379",20,16,4,3,0,3,5,76,5,4,4,0.444444444444444,1,0.722222222222222,40
"C3","379",13,42,8,3,1,6,5,103,4,5,19,0.763636363636364,0.857142857142857,0.81038961038961,61
"C3","379",10,37,8,1,0,5,4,55,4,4,0,0.787234042553192,1,0.893617021276596,27.5
"C3","379",17,26,10,3,1,18,5,107,5,5,20,0.604651162790698,0.947368421052632,0.776009791921665,63.5
"A2","380",64,42,9,2,58,128,5,157,3,3,124,0.39622641509434,0.688172043010753,0.542199229052546,140.5
"A2","380",65,73,7,5,86,51,5,159,4,4,76,0.528985507246377,0.372262773722628,0.450624140484502,117.5
"A2","380",22,120,9,5,45,145,5,150,4,4,55,0.845070422535211,0.763157894736842,0.804114158636027,102.5
"A2","380",54,100,8,3,26,100,5,112,3,3,15,0.649350649350649,0.793650793650794,0.721500721500721,63.5
"A2","380",16,120,5,5,47,121,5,169,3,3,62,0.882352941176471,0.720238095238095,0.801295518207283,115.5
"A2","380",62,54,9,2,113,167,5,153,4,4,151,0.46551724137931,0.596428571428571,0.530972906403941,152
"B3","382",54,42,6,2,0,0,5,47,4,4,0,0.4375,NA,NA,23.5
"B3","382",28,47,4,3,4,0,5,29,4,2,0,0.626666666666667,0,0.313333333333333,14.5
"B3","382",51,43,6,4,4,14,5,74,5,4,0,0.457446808510638,0.777777777777778,0.617612293144208,37
"B3","382",25,27,7,4,6,1,5,59,5,3,0,0.519230769230769,0.142857142857143,0.331043956043956,29.5
"B3","382",43,40,7,4,0,2,5,17,3,2,0,0.481927710843373,1,0.740963855421687,8.5
"B3","382",69,33,4,3,3,16,5,30,3,2,0,0.323529411764706,0.842105263157895,0.5828173374613,15
"A4","383",39,28,10,4,29,12,3,66,2,2,0,0.417910447761194,0.292682926829268,0.355296687295231,33
"A4","383",43,48,9,0,NA,NA,4,70,0,NA,NA,0.527472527472527,NA,NA,NA
"A4","383",7,30,8,5,26,32,5,69,1,0,NA,0.810810810810811,0.551724137931034,0.681267474370923,NA
"A4","383",19,14,8,4,10,5,5,101,2,2,0,0.424242424242424,0.333333333333333,0.378787878787879,50.5
"A4","383",9,24,7,5,30,3,5,97,3,1,0,0.727272727272727,0.0909090909090909,0.409090909090909,48.5
"A4","383",6,36,8,3,28,2,4,21,3,1,0,0.857142857142857,0.0666666666666667,0.461904761904762,10.5
"A2","385",106,73,5,0,100,0,5,144,4,4,19,0.407821229050279,0,0.20391061452514,81.5
"A2","385",79,79,4,5,140,44,5,84,2,2,0,0.5,0.239130434782609,0.369565217391304,42
"A2","385",88,74,6,1,122,37,5,187,3,4,28,0.45679012345679,0.232704402515723,0.344747262986257,107.5
"A2","385",77,73,6,5,51,76,5,152,2,2,0,0.486666666666667,0.598425196850394,0.54254593175853,76
"A2","385",99,58,1,0,100,0,5,92,4,4,19,0.369426751592357,0,0.184713375796178,55.5
"A2","385",88,33,6,3,71,97,5,165,3,2,12,0.272727272727273,0.577380952380952,0.425054112554113,88.5
"A2","391",139,41,8,4,99,51,4,9,5,4,4,0.227777777777778,0.34,0.283888888888889,6.5
"A2","391",67,42,7,0,100,0,5,42,4,4,5,0.385321100917431,0,0.192660550458716,23.5
"A2","391",126,75,9,2,125,57,5,37,4,4,34,0.373134328358209,0.313186813186813,0.343160570772511,35.5
"A2","391",81,83,4,2,96,46,5,70,4,3,34,0.50609756097561,0.323943661971831,0.41502061147372,52
"A2","391",16,37,6,4,48,105,4,58,3,3,28,0.69811320754717,0.686274509803922,0.692193858675546,43
"A2","391",104,97,6,3,11,55,5,151,5,5,68,0.482587064676617,0.833333333333333,0.657960199004975,109.5
"C3","392",53,43,8,1,9,0,5,128,0,NA,NA,0.447916666666667,0,0.223958333333333,NA
"C3","392",28,11,3,1,10,0,5,85,1,1,3,0.282051282051282,0,0.141025641025641,44
"C3","392",42,17,4,1,1,8,5,137,1,0,NA,0.288135593220339,0.888888888888889,0.588512241054614,NA
"C3","392",6,29,6,1,0,0,4,141,2,2,7,0.828571428571429,NA,NA,74
"C3","392",5,68,9,1,8,3,5,124,2,2,0,0.931506849315068,0.272727272727273,0.602117061021171,62
"C3","392",26,10,6,0,NA,NA,5,48,3,3,4,0.277777777777778,NA,NA,26
"A4","395",28,72,10,4,7,16,5,57,3,3,0,0.72,0.695652173913043,0.707826086956522,28.5
"A4","395",0,69,7,3,11,15,5,109,4,4,0,1,0.576923076923077,0.788461538461538,54.5
"A4","395",6,16,8,4,6,3,5,14,5,5,0,0.727272727272727,0.333333333333333,0.53030303030303,7
"A4","395",33,53,4,4,7,18,5,167,4,4,0,0.616279069767442,0.72,0.668139534883721,83.5
"A4","395",50,39,9,3,6,10,5,127,4,5,1,0.438202247191011,0.625,0.531601123595506,64
"A4","395",17,32,8,4,1,4,5,90,5,4,0,0.653061224489796,0.8,0.726530612244898,45
"C2","399",42,88,7,2,32,3,5,78,3,1,0,0.676923076923077,0.0857142857142857,0.381318681318681,39
"C2","399",34,75,3,1,7,9,4,86,2,1,0,0.688073394495413,0.5625,0.625286697247706,43
"C2","399",56,48,6,0,100,0,2,44,2,2,0,0.461538461538462,0,0.230769230769231,22
"C2","399",59,34,7,0,100,0,5,27,4,3,0,0.365591397849462,0,0.182795698924731,13.5
"C2","399",84,48,7,1,160,8,5,81,3,3,1,0.363636363636364,0.0476190476190476,0.205627705627706,41
"C2","399",55,75,8,3,58,20,4,94,2,1,0,0.576923076923077,0.256410256410256,0.416666666666667,47
"C3","40",24,47,5,2,27,37,5,87,4,4,4,0.661971830985915,0.578125,0.620048415492958,45.5
"C3","40",7,18,5,4,3,2,3,8,3,1,0,0.72,0.4,0.56,4
"C3","40",20,17,9,4,7,0,4,36,2,2,0,0.459459459459459,0,0.22972972972973,18
"C3","40",9,27,5,3,23,5,5,29,5,5,1,0.75,0.178571428571429,0.464285714285714,15
"C3","40",10,27,5,4,35,23,5,19,4,2,0,0.72972972972973,0.396551724137931,0.56314072693383,9.5
"C3","40",5,32,9,5,2,0,4,30,3,2,0,0.864864864864865,0,0.432432432432432,15
"C1","405",21,126,6,3,74,33,5,122,4,4,79,0.857142857142857,0.308411214953271,0.582777036048064,100.5
"C1","405",93,135,8,2,90,9,5,110,5,5,81,0.592105263157895,0.0909090909090909,0.341507177033493,95.5
"C1","405",21,123,9,4,0,0,5,91,4,4,41,0.854166666666667,NA,NA,66
"C1","405",19,94,9,3,8,6,5,77,4,3,52,0.831858407079646,0.428571428571429,0.630214917825537,64.5
"C1","405",24,107,8,2,75,19,5,87,4,4,59,0.816793893129771,0.202127659574468,0.50946077635212,73
"C1","405",58,137,10,5,16,44,4,54,4,4,60,0.702564102564103,0.733333333333333,0.717948717948718,57
"C2","406",61,52,3,1,0,0,5,150,2,2,0,0.460176991150442,NA,NA,75
"C2","406",72,30,5,1,0,0,4,89,4,4,0,0.294117647058824,NA,NA,44.5
"C2","406",69,24,6,0,100,0,5,31,2,0,0,0.258064516129032,0,0.129032258064516,15.5
"C2","406",78,17,8,0,100,0,4,123,4,4,0,0.178947368421053,0,0.0894736842105263,61.5
"C2","406",125,34,7,1,39,19,4,137,2,1,4,0.213836477987421,0.327586206896552,0.270711342441987,70.5
"C2","406",83,20,7,1,46,6,4,110,2,2,0,0.194174757281553,0.115384615384615,0.154779686333084,55
"B2","427",200,0,5,0,100,0,5,132,5,5,5,0,0,0,68.5
"B2","427",68,117,4,2,74,5,5,181,2,2,0,0.632432432432432,0.0632911392405063,0.347861785836469,90.5
"B2","427",125,40,4,3,58,54,5,86,4,4,6,0.242424242424242,0.482142857142857,0.36228354978355,46
"B2","427",44,138,7,2,57,74,3,83,3,3,1,0.758241758241758,0.564885496183206,0.661563627212482,42
"B2","427",74,82,5,4,96,65,4,92,4,4,1,0.525641025641026,0.403726708074534,0.46468386685778,46.5
"B2","427",97,72,7,4,75,67,5,76,4,3,0,0.42603550295858,0.471830985915493,0.448933244437036,38
"A3","437",85,17,5,0,100,0,5,39,2,1,0,0.166666666666667,0,0.0833333333333333,19.5
"A3","437",22,45,6,2,36,6,5,0,2,1,0,0.671641791044776,0.142857142857143,0.40724946695096,0
"A3","437",52,73,5,2,29,18,5,81,0,NA,NA,0.584,0.382978723404255,0.483489361702128,NA
"A3","437",66,59,3,2,41,27,5,36,0,NA,NA,0.472,0.397058823529412,0.434529411764706,NA
"A3","437",38,48,3,4,0,46,5,60,4,2,0,0.558139534883721,1,0.779069767441861,30
"A3","437",84,12,4,2,46,0,5,14,1,1,0,0.125,0,0.0625,7
"A4","439",22,57,4,4,1,0,4,31,4,3,0,0.721518987341772,0,0.360759493670886,15.5
"A4","439",9,15,1,1,1,0,5,66,2,2,0,0.625,0,0.3125,33
"A4","439",33,10,9,1,0,0,5,118,3,3,0,0.232558139534884,NA,NA,59
"A4","439",5,33,7,1,0,0,5,112,3,2,0,0.868421052631579,NA,NA,56
"A4","439",16,17,7,2,3,1,5,63,5,5,27,0.515151515151515,0.25,0.382575757575758,45
"A4","439",16,13,10,4,27,0,4,40,2,2,1,0.448275862068966,0,0.224137931034483,20.5
"C1","440",27,164,8,4,34,58,5,99,5,5,34,0.858638743455497,0.630434782608696,0.744536763032096,66.5
"C1","440",19,83,8,3,100,50,5,23,5,5,120,0.813725490196078,0.333333333333333,0.573529411764706,71.5
"C1","440",41,137,9,3,49,69,5,104,4,4,87,0.769662921348315,0.584745762711864,0.67720434203009,95.5
"C1","440",36,176,10,3,46,39,4,45,3,3,78,0.830188679245283,0.458823529411765,0.644506104328524,61.5
"C1","440",44,124,6,5,13,131,5,110,3,3,30,0.738095238095238,0.909722222222222,0.82390873015873,70
"C1","440",36,156,8,3,9,95,5,40,5,5,191,0.8125,0.913461538461538,0.862980769230769,115.5
"C2","441",15,135,9,4,20,29,5,154,5,4,1,0.9,0.591836734693878,0.745918367346939,77.5
"C2","441",29,33,6,4,50,48,4,143,4,4,1,0.532258064516129,0.489795918367347,0.511026991441738,72
"C2","441",27,103,3,4,11,39,5,159,5,5,0,0.792307692307692,0.78,0.786153846153846,79.5
"C2","441",58,47,8,3,18,3,5,156,4,2,0,0.447619047619048,0.142857142857143,0.295238095238095,78
"C2","441",63,71,7,5,49,89,4,131,4,4,4,0.529850746268657,0.644927536231884,0.58738914125027,67.5
"C2","441",31,35,8,5,95,44,2,31,0,0,24,0.53030303030303,0.316546762589928,0.423424896446479,27.5
"A3","443",49,63,1,1,0,6,5,153,3,3,4,0.5625,1,0.78125,78.5
"A3","443",69,60,6,2,78,6,5,87,3,3,59,0.465116279069767,0.0714285714285714,0.268272425249169,73
"A3","443",53,56,3,4,3,15,4,121,1,1,7,0.513761467889908,0.833333333333333,0.673547400611621,64
"A3","443",61,38,6,0,100,0,5,104,2,1,0,0.383838383838384,0,0.191919191919192,52
"A3","443",60,37,5,1,65,3,5,126,1,1,0,0.381443298969072,0.0441176470588235,0.212780473013948,63
"A3","443",34,37,3,2,6,15,5,77,2,1,19,0.52112676056338,0.714285714285714,0.617706237424547,48
"C1","45",89,72,9,4,63,2,5,206,4,3,62,0.447204968944099,0.0307692307692308,0.238987099856665,134
"C1","45",92,119,9,5,52,12,5,154,3,2,11,0.563981042654028,0.1875,0.375740521327014,82.5
"C1","45",115,83,7,5,90,5,5,119,5,4,66,0.419191919191919,0.0526315789473684,0.235911749069644,92.5
"C1","45",72,113,10,5,86,0,5,175,3,2,14,0.610810810810811,0,0.305405405405405,94.5
"C1","45",47,146,10,5,52,4,5,137,4,2,3,0.756476683937824,0.0714285714285714,0.413952627683198,70
"C1","45",42,169,8,5,28,4,5,177,2,1,0,0.800947867298578,0.125,0.462973933649289,88.5
"C1","486",42,117,9,5,31,77,5,70,5,5,16,0.735849056603774,0.712962962962963,0.724406009783368,43
"C1","486",53,84,8,3,8,59,4,68,3,3,21,0.613138686131387,0.880597014925373,0.74686785052838,44.5
"C1","486",21,101,10,4,37,20,4,55,4,3,5,0.827868852459016,0.350877192982456,0.589373022720736,30
"C1","486",39,63,8,4,11,44,5,21,4,3,11,0.617647058823529,0.8,0.708823529411765,16
"C1","486",2,104,8,5,1,31,5,6,5,5,10,0.981132075471698,0.96875,0.974941037735849,8
"C1","486",15,231,7,5,4,36,4,7,3,3,2,0.939024390243902,0.9,0.919512195121951,4.5
"A2","491",61,108,2,5,25,99,5,17,5,5,9,0.63905325443787,0.798387096774194,0.718720175606032,13
"A2","491",24,57,1,4,76,108,5,8,5,5,45,0.703703703703704,0.58695652173913,0.645330112721417,26.5
"A2","491",83,103,4,2,4,188,5,22,3,3,3,0.553763440860215,0.979166666666667,0.766465053763441,12.5
"A2","491",0,0,3,3,4,153,5,13,5,5,9,NA,0.974522292993631,NA,11
"A2","491",73,117,6,5,28,151,5,52,5,5,8,0.615789473684211,0.843575418994413,0.729682446339312,30
"A2","491",77,83,8,4,24,182,5,113,3,3,57,0.51875,0.883495145631068,0.701122572815534,85
"A3","502",20,73,4,3,12,5,5,110,2,1,2,0.78494623655914,0.294117647058824,0.539531941808982,56
"A3","502",58,53,5,1,23,48,4,93,3,3,9,0.477477477477477,0.676056338028169,0.576766907752823,51
"A3","502",60,49,3,1,37,30,5,127,4,4,11,0.44954128440367,0.447761194029851,0.44865123921676,69
"A3","502",48,57,4,1,0,0,4,44,2,2,3,0.542857142857143,NA,NA,23.5
"A3","502",102,40,3,1,4,9,5,112,0,NA,NA,0.28169014084507,0.692307692307692,0.486998916576381,NA
"A3","502",86,61,2,1,12,47,5,41,0,NA,NA,0.414965986394558,0.796610169491525,0.605788077943042,NA
"C2","509",62,11,6,4,20,0,5,131,5,5,4,0.150684931506849,0,0.0753424657534247,67.5
"C2","509",63,45,5,3,32,2,5,192,5,5,0,0.416666666666667,0.0588235294117647,0.237745098039216,96
"C2","509",68,35,6,5,2,2,5,150,4,3,0,0.339805825242718,0.5,0.419902912621359,75
"C2","509",47,15,8,4,89,6,4,70,3,3,0,0.241935483870968,0.0631578947368421,0.152546689303905,35
"C2","509",50,15,8,5,14,24,4,122,4,3,0,0.230769230769231,0.631578947368421,0.431174089068826,61
"C2","509",76,31,8,3,63,27,5,105,4,4,0,0.289719626168224,0.3,0.294859813084112,52.5
"B2","513",141,55,7,3,152,36,5,107,4,3,15,0.280612244897959,0.191489361702128,0.236050803300043,61
"B2","513",116,51,9,2,124,26,5,44,4,4,4,0.305389221556886,0.173333333333333,0.23936127744511,24
"B2","513",99,29,4,3,142,48,5,79,4,4,5,0.2265625,0.252631578947368,0.239597039473684,42
"B2","513",97,22,8,4,53,27,5,92,4,3,1,0.184873949579832,0.3375,0.261186974789916,46.5
"B2","513",98,72,5,0,100,0,5,87,4,4,2,0.423529411764706,0,0.211764705882353,44.5
"B2","513",98,91,8,4,42,21,5,171,4,4,0,0.481481481481481,0.333333333333333,0.407407407407407,85.5
"B3","517",40,45,9,1,0,0,5,61,5,3,0,0.529411764705882,NA,NA,30.5
"B3","517",39,42,6,0,100,0,5,127,2,1,0,0.518518518518518,0,0.259259259259259,63.5
"B3","517",28,70,9,1,1,0,5,113,3,3,5,0.714285714285714,0,0.357142857142857,59
"B3","517",62,19,8,0,100,0,5,91,3,3,8,0.234567901234568,0,0.117283950617284,49.5
"B3","517",35,61,8,0,100,0,5,93,3,3,NA,0.635416666666667,0,0.317708333333333,NA
"B3","517",48,30,4,1,4,0,5,76,NA,3,0,0.384615384615385,0,0.192307692307692,38
"C3","530",22,16,5,5,5,0,5,106,2,2,3,0.421052631578947,0,0.210526315789474,54.5
"C3","530",9,17,5,2,50,12,5,88,5,5,10,0.653846153846154,0.193548387096774,0.423697270471464,49
"C3","530",33,27,7,4,12,0,5,102,3,3,7,0.45,0,0.225,54.5
"C3","530",21,18,2,0,NA,NA,5,109,4,3,3,0.461538461538462,NA,NA,56
"C3","530",9,37,5,5,17,7,5,123,4,4,2,0.804347826086957,0.291666666666667,0.548007246376812,62.5
"C3","530",17,11,8,4,7,6,4,87,4,4,0,0.392857142857143,0.461538461538462,0.427197802197802,43.5
"B2","531",44,114,6,4,69,100,5,27,3,2,0,0.721518987341772,0.591715976331361,0.656617481836567,13.5
"B2","531",124,131,1,1,11,15,5,6,2,2,0,0.513725490196078,0.576923076923077,0.545324283559578,3
"B2","531",87,124,10,2,102,69,5,2,2,2,0,0.587677725118483,0.403508771929825,0.495593248524154,1
"B2","531",63,88,9,2,53,124,3,4,2,1,0,0.582781456953642,0.700564971751412,0.641673214352527,2
"B2","531",63,87,9,3,74,53,5,24,5,2,0,0.58,0.417322834645669,0.498661417322835,12
"B2","531",49,116,9,5,31,40,5,4,1,1,0,0.703030303030303,0.563380281690141,0.633205292360222,2
"A2","535",12,120,4,1,5,63,4,222,4,4,67,0.909090909090909,0.926470588235294,0.917780748663102,144.5
"A2","535",10,114,2,2,0,31,5,182,2,2,4,0.919354838709677,1,0.959677419354839,93
"A2","535",33,68,7,4,7,168,5,207,3,3,61,0.673267326732673,0.96,0.816633663366337,134
"A2","535",NA,NA,2,1,84,139,5,200,5,5,205,NA,0.623318385650224,NA,202.5
"A2","535",33,55,2,1,63,75,5,218,5,5,120,0.625,0.543478260869565,0.584239130434783,169
"A2","535",65,32,4,4,32,23,5,120,5,5,75,0.329896907216495,0.418181818181818,0.374039362699156,97.5
"C3","57",24,36,8,2,37,7,5,63,4,4,1,0.6,0.159090909090909,0.379545454545455,32
"C3","57",29,41,3,2,11,17,5,49,2,2,8,0.585714285714286,0.607142857142857,0.596428571428571,28.5
"C3","57",28,40,5,4,13,0,4,11,4,3,0,0.588235294117647,0,0.294117647058824,5.5
"C3","57",8,14,5,1,8,34,5,84,4,4,8,0.636363636363636,0.80952380952381,0.722943722943723,46
"C3","57",20,15,7,3,0,0,5,49,3,3,0,0.428571428571429,NA,NA,24.5
"C3","57",17,39,6,1,8,5,5,66,2,2,5,0.696428571428571,0.384615384615385,0.540521978021978,35.5
"B2","584",106,79,7,5,98,15,4,190,4,4,53,0.427027027027027,0.132743362831858,0.279885194929443,121.5
"B2","584",69,65,8,4,103,40,5,210,5,5,27,0.485074626865672,0.27972027972028,0.382397453292976,118.5
"B2","584",54,101,4,4,88,59,5,106,4,4,28,0.651612903225806,0.401360544217687,0.526486723721747,67
"B2","584",28,52,8,4,60,24,5,229,4,3,9,0.65,0.285714285714286,0.467857142857143,119
"B2","584",26,112,9,4,74,16,5,209,4,4,43,0.811594202898551,0.177777777777778,0.494685990338164,126
"B2","584",65,91,10,4,126,61,5,207,4,4,76,0.583333333333333,0.32620320855615,0.454768270944742,141.5
"C3","589",24,26,5,2,0,3,5,78,5,5,1,0.52,1,0.76,39.5
"C3","589",39,43,5,4,8,5,5,132,5,4,3,0.524390243902439,0.384615384615385,0.454502814258912,67.5
"C3","589",41,8,7,5,7,3,4,76,3,3,0,0.163265306122449,0.3,0.231632653061224,38
"C3","589",15,32,6,4,20,18,5,95,4,3,5,0.680851063829787,0.473684210526316,0.577267637178052,50
"C3","589",9,27,8,4,4,17,5,93,3,3,1,0.75,0.80952380952381,0.779761904761905,47
"C3","589",16,22,6,5,19,0,5,92,3,2,1,0.578947368421053,0,0.289473684210526,46.5
"A4","59",15,66,9,3,0,7,3,40,2,2,0,0.814814814814815,1,0.907407407407407,20
"A4","59",17,31,5,3,1,16,2,47,2,2,0,0.645833333333333,0.941176470588235,0.793504901960784,23.5
"A4","59",19,25,8,5,3,2,5,92,2,2,0,0.568181818181818,0.4,0.484090909090909,46
"A4","59",7,25,8,3,9,14,4,62,4,3,4,0.78125,0.608695652173913,0.694972826086957,33
"A4","59",11,50,7,5,5,10,5,135,3,3,33,0.819672131147541,0.666666666666667,0.743169398907104,84
"A4","59",6,20,8,0,NA,NA,5,175,3,3,6,0.769230769230769,NA,NA,90.5
"C2","591",95,9,7,1,7,3,3,88,2,1,1,0.0865384615384615,0.3,0.193269230769231,44.5
"C2","591",78,0,6,1,10,0,5,71,3,0,0,0,0,0,35.5
"C2","591",55,0,8,1,88,0,5,136,3,1,0,0,0,0,68
"C2","591",122,14,6,0,100,0,5,61,4,4,0,0.102941176470588,0,0.0514705882352941,30.5
"C2","591",57,5,9,0,100,0,5,34,5,2,0,0.0806451612903226,0,0.0403225806451613,17
"C2","591",114,36,7,0,100,0,5,98,2,3,3,0.24,0,0.12,50.5
"C3","596",34,26,9,3,13,2,5,114,3,3,0,0.433333333333333,0.133333333333333,0.283333333333333,57
"C3","596",22,20,9,3,25,8,3,112,3,3,2,0.476190476190476,0.242424242424242,0.359307359307359,57
"C3","596",33,15,5,4,4,9,5,209,3,3,7,0.3125,0.692307692307692,0.502403846153846,108
"C3","596",11,22,6,2,5,0,4,115,4,4,10,0.666666666666667,0,0.333333333333333,62.5
"C3","596",30,34,6,2,14,6,4,99,3,2,1,0.53125,0.3,0.415625,50
"C3","596",15,16,8,4,8,1,5,157,2,2,NA,0.516129032258065,0.111111111111111,0.313620071684588,NA
"B1","703",18,51,9,NA,84,2,5,88,5,3,3,0.739130434782609,0.0232558139534884,0.381193124368049,45.5
"B1","703",56,39,13,NA,58,6,5,102,4,4,5,0.410526315789474,0.09375,0.252138157894737,53.5
"B1","703",33,70,12,NA,7,0,5,117,3,2,6,0.679611650485437,0,0.339805825242718,61.5
"B1","703",87,64,9,NA,50,0,5,61,4,4,NA,0.423841059602649,0,0.211920529801325,NA
"B1","703",45,33,12,NA,40,8,5,66,5,4,7,0.423076923076923,0.166666666666667,0.294871794871795,36.5
"B1","703",44,11,13,NA,43,15,4,91,3,3,12,0.2,0.258620689655172,0.229310344827586,51.5
"A4","705",17,31,10,4,8,5,5,92,5,5,0,0.645833333333333,0.384615384615385,0.515224358974359,46
"A4","705",35,41,8,3,2,2,5,39,5,5,0,0.539473684210526,0.5,0.519736842105263,19.5
"A4","705",25,21,8,3,4,2,4,129,4,4,1,0.456521739130435,0.333333333333333,0.394927536231884,65
"A4","705",19,27,4,3,0,0,5,44,2,3,1,0.58695652173913,NA,NA,22.5
"A4","705",15,30,8,2,1,0,5,22,4,4,0,0.666666666666667,0,0.333333333333333,11
"A4","705",25,27,8,3,4,2,5,18,5,3,3,0.519230769230769,0.333333333333333,0.426282051282051,10.5
"A3","707",25,42,7,4,12,76,5,27,4,4,1,0.626865671641791,0.863636363636364,0.745251017639077,14
"A3","707",39,95,4,4,18,7,5,56,3,3,4,0.708955223880597,0.28,0.494477611940299,30
"A3","707",51,49,5,1,11,0,5,61,1,0,NA,0.49,0,0.245,NA
"A3","707",55,25,6,3,58,12,5,63,5,5,9,0.3125,0.171428571428571,0.241964285714286,36
"A3","707",39,29,5,1,67,0,5,43,2,2,5,0.426470588235294,0,0.213235294117647,24
"A3","707",48,41,5,3,34,3,5,57,3,3,1,0.460674157303371,0.0810810810810811,0.270877619192226,29
"B2","712",17,136,8,5,88,74,5,341,4,3,44,0.888888888888889,0.45679012345679,0.672839506172839,192.5
"B2","712",13,138,4,2,60,42,4,269,3,3,40,0.913907284768212,0.411764705882353,0.662835995325282,154.5
"B2","712",33,112,9,4,64,60,5,186,4,4,19,0.772413793103448,0.483870967741935,0.628142380422692,102.5
"B2","712",30,83,5,3,6,2,5,127,4,4,48,0.734513274336283,0.25,0.492256637168142,87.5
"B2","712",26,111,7,3,25,54,5,137,3,2,64,0.81021897810219,0.683544303797468,0.746881640949829,100.5
"B2","712",45,126,6,2,42,50,5,273,5,5,197,0.736842105263158,0.543478260869565,0.640160183066361,235
"B2","716",114,70,7,2,149,41,5,101,3,3,0,0.380434782608696,0.215789473684211,0.298112128146453,50.5
"B2","716",71,55,7,4,135,50,5,33,2,1,0,0.436507936507937,0.27027027027027,0.353389103389103,16.5
"B2","716",91,83,8,2,91,31,5,19,3,2,0,0.477011494252874,0.254098360655738,0.365554927454306,9.5
"B2","716",63,130,9,3,44,74,4,6,2,NA,0,0.673575129533679,0.627118644067797,0.650346886800738,3
"B2","716",70,110,8,4,73,63,5,14,4,3,3,0.611111111111111,0.463235294117647,0.537173202614379,8.5
"B2","716",79,130,6,3,96,34,5,60,2,1,0,0.62200956937799,0.261538461538462,0.441774015458226,30
"B3","721",44,53,4,3,11,0,5,119,3,1,18,0.54639175257732,0,0.27319587628866,68.5
"B3","721",22,31,10,1,12,0,5,125,5,5,13,0.584905660377358,0,0.292452830188679,69
"B3","721",25,29,9,3,17,4,5,69,4,0,NA,0.537037037037037,0.19047619047619,0.363756613756614,NA
"B3","721",24,59,6,1,12,2,5,122,5,4,35,0.710843373493976,0.142857142857143,0.426850258175559,78.5
"B3","721",22,19,5,2,0,0,5,47,2,1,0,0.463414634146341,NA,NA,23.5
"B3","721",21,22,8,3,3,0,5,66,5,3,0,0.511627906976744,0,0.255813953488372,33
"B1","732",0,87,12,NA,20,82,5,87,5,4,29,1,0.803921568627451,0.901960784313726,58
"B1","732",37,138,12,NA,28,79,5,9,5,5,76,0.788571428571429,0.738317757009346,0.763444592790387,42.5
"B1","732",14,110,11,NA,2,28,5,25,2,1,20,0.887096774193548,0.933333333333333,0.910215053763441,22.5
"B1","732",3,194,12,NA,60,53,5,106,2,2,29,0.984771573604061,0.469026548672566,0.726899061138314,67.5
"B1","732",9,87,10,NA,22,30,5,63,5,4,19,0.90625,0.576923076923077,0.741586538461538,41
"B1","732",5,228,13,NA,37,9,5,33,4,3,58,0.978540772532189,0.195652173913043,0.587096473222616,45.5
"B3","738",14,70,4,3,23,4,5,301,4,4,3,0.833333333333333,0.148148148148148,0.490740740740741,152
"B3","738",13,101,3,2,1,3,5,233,3,3,3,0.885964912280702,0.75,0.817982456140351,118
"B3","738",6,47,5,4,0,3,5,273,4,4,35,0.886792452830189,1,0.943396226415094,154
"B3","738",11,34,5,3,0,2,5,236,5,5,1,0.755555555555556,1,0.877777777777778,118.5
"B3","738",20,17,5,1,7,0,5,235,5,5,68,0.459459459459459,0,0.22972972972973,151.5
"B3","738",29,64,3,1,38,21,4,198,3,3,3,0.688172043010753,0.355932203389831,0.522052123200292,100.5
"C3","748",26,31,6,4,15,0,5,170,1,0,NA,0.543859649122807,0,0.271929824561404,NA
"C3","748",29,33,7,2,4,23,4,182,0,NA,NA,0.532258064516129,0.851851851851852,0.69205495818399,NA
"C3","748",18,15,1,1,7,25,5,156,2,2,29,0.454545454545455,0.78125,0.617897727272727,92.5
"C3","748",9,42,6,3,8,2,5,149,1,1,2,0.823529411764706,0.2,0.511764705882353,75.5
"C3","748",11,27,NA,NA,6,11,5,184,1,0,4,0.710526315789474,0.647058823529412,0.678792569659443,94
"C3","748",4,23,2,1,14,16,5,193,1,1,2,0.851851851851852,0.533333333333333,0.692592592592593,97.5
"B2","75",174,69,7,3,66,43,5,148,4,3,9,0.283950617283951,0.394495412844037,0.339223015063994,78.5
"B2","75",43,74,8,4,118,113,5,113,3,3,NA,0.632478632478632,0.489177489177489,0.560828060828061,NA
"B2","75",40,90,7,5,28,83,5,195,4,4,1,0.692307692307692,0.747747747747748,0.72002772002772,98
"B2","75",51,101,9,4,64,53,5,217,5,4,2,0.664473684210526,0.452991452991453,0.55873256860099,109.5
"B2","75",73,108,3,0,100,0,5,220,5,5,1,0.596685082872928,0,0.298342541436464,110.5
"B2","75",123,64,6,2,56,5,5,274,3,3,8,0.342245989304813,0.0819672131147541,0.212106601209783,141
"B2","757",76,118,7,3,136,18,5,12,5,2,1,0.608247422680412,0.116883116883117,0.362565269781765,6.5
"B2","757",103,58,8,3,24,23,3,81,2,1,0,0.360248447204969,0.48936170212766,0.424805074666314,40.5
"B2","757",150,83,8,2,98,100,5,24,3,3,10,0.356223175965665,0.505050505050505,0.430636840508085,17
"B2","757",121,33,9,4,60,54,5,69,4,3,8,0.214285714285714,0.473684210526316,0.343984962406015,38.5
"B2","757",136,40,9,2,95,59,5,136,5,5,38,0.227272727272727,0.383116883116883,0.305194805194805,87
"B2","757",142,68,8,2,84,44,3,20,1,1,0,0.323809523809524,0.34375,0.333779761904762,10
"B2","761",90,99,4,5,53,51,5,205,3,3,76,0.523809523809524,0.490384615384615,0.50709706959707,140.5
"B2","761",18,53,8,4,71,129,5,173,5,4,27,0.746478873239437,0.645,0.695739436619718,100
"B2","761",62,102,7,5,75,109,5,116,5,5,30,0.621951219512195,0.592391304347826,0.607171261930011,73
"B2","761",17,81,5,2,37,61,5,210,3,2,45,0.826530612244898,0.622448979591837,0.724489795918367,127.5
"B2","761",NA,NA,0,0,100,0,5,217,2,2,49,NA,0,NA,133
"B2","761",50,97,8,4,111,33,5,243,4,4,0,0.659863945578231,0.229166666666667,0.444515306122449,121.5
"B1","765",36,160,5,NA,64,0,5,98,3,2,0,0.816326530612245,0,0.408163265306122,49
"B1","765",76,131,8,NA,60,13,5,58,2,2,17,0.632850241545894,0.178082191780822,0.405466216663358,37.5
"B1","765",3,53,9,NA,11,0,5,58,2,2,0,0.946428571428571,0,0.473214285714286,29
"B1","765",35,21,10,NA,41,0,5,97,4,4,1,0.375,0,0.1875,49
"B1","765",16,142,4,NA,1,0,5,125,4,1,3,0.89873417721519,0,0.449367088607595,64
"B1","765",93,60,9,NA,43,12,5,106,3,3,1,0.392156862745098,0.218181818181818,0.305169340463458,53.5
"B3","776",68,24,7,0,100,0,4,53,4,2,0,0.260869565217391,0,0.130434782608696,26.5
"B3","776",44,45,4,0,100,0,5,70,3,1,0,0.50561797752809,0,0.252808988764045,35
"B3","776",25,31,9,3,1,0,5,83,4,0,0,0.553571428571429,0,0.276785714285714,41.5
"B3","776",20,26,8,1,5,0,4,81,4,2,1,0.565217391304348,0,0.282608695652174,41
"B3","776",21,19,4,0,100,0,5,78,4,1,NA,0.475,0,0.2375,NA
"B3","776",46,12,9,4,9,2,5,103,4,1,0,0.206896551724138,0.181818181818182,0.19435736677116,51.5
"B1","783",9,177,13,NA,37,23,5,119,1,1,21,0.951612903225806,0.383333333333333,0.66747311827957,70
"B1","783",15,88,14,NA,16,83,5,135,2,2,64,0.854368932038835,0.838383838383838,0.846376385211337,99.5
"B1","783",2,127,15,NA,36,55,5,142,2,2,43,0.984496124031008,0.604395604395604,0.794445864213306,92.5
"B1","783",5,103,13,NA,32,4,5,88,3,2,7,0.953703703703704,0.111111111111111,0.532407407407407,47.5
"B1","783",261,17,12,NA,83,0,5,101,4,3,48,0.0611510791366906,0,0.0305755395683453,74.5
"B1","783",84,77,10,NA,42,76,5,153,4,4,64,0.478260869565217,0.644067796610169,0.561164333087693,108.5
"B1","787",1,126,13,NA,21,93,5,72,5,4,0,0.992125984251969,0.815789473684211,0.90395772896809,36
"B1","787",70,259,9,NA,92,7,5,128,5,4,27,0.787234042553192,0.0707070707070707,0.428970556630131,77.5
"B1","787",61,212,9,NA,20,22,5,14,4,2,0,0.776556776556777,0.523809523809524,0.65018315018315,7
"B1","787",6,21,11,NA,117,0,4,57,1,1,2,0.777777777777778,0,0.388888888888889,29.5
"B1","787",43,174,11,NA,57,0,5,25,3,2,14,0.80184331797235,0,0.400921658986175,19.5
"B1","787",21,113,11,NA,126,71,5,108,3,2,26,0.843283582089552,0.360406091370558,0.601844836730055,67
"C3","790",25,23,6,5,0,0,5,22,1,0,NA,0.479166666666667,NA,NA,NA
"C3","790",23,28,8,1,19,0,5,30,4,0,NA,0.549019607843137,0,0.274509803921569,NA
"C3","790",51,30,8,2,12,0,5,59,1,0,NA,0.37037037037037,0,0.185185185185185,NA
"C3","790",3,6,5,4,17,0,5,38,3,1,0,0.666666666666667,0,0.333333333333333,19
"C3","790",32,31,9,4,19,6,4,24,3,0,NA,0.492063492063492,0.24,0.366031746031746,NA
"C3","790",20,8,6,1,1,8,4,63,1,0,1,0.285714285714286,0.888888888888889,0.587301587301587,32
"B3","796",39,46,9,2,19,0,5,123,2,2,0,0.541176470588235,0,0.270588235294118,61.5
"B3","796",50,19,6,5,4,10,5,90,3,4,21,0.27536231884058,0.714285714285714,0.494824016563147,55.5
"B3","796",27,53,5,4,4,5,5,120,2,1,0,0.6625,0.555555555555556,0.609027777777778,60
"B3","796",67,91,7,3,10,13,5,125,3,1,4,0.575949367088608,0.565217391304348,0.570583379196478,64.5
"B3","796",44,27,7,4,19,1,5,115,4,4,8,0.380281690140845,0.05,0.215140845070423,61.5
"B3","796",31,34,4,1,48,12,5,104,4,4,11,0.523076923076923,0.2,0.361538461538462,57.5
"C3","801",26,12,3,1,3,11,5,93,2,2,0,0.315789473684211,0.785714285714286,0.550751879699248,46.5
"C3","801",18,18,7,5,9,7,5,174,2,2,0,0.5,0.4375,0.46875,87
"C3","801",23,21,5,1,0,13,5,121,4,3,0,0.477272727272727,1,0.738636363636364,60.5
"C3","801",19,36,7,4,5,3,5,175,4,3,0,0.654545454545455,0.375,0.514772727272727,87.5
"C3","801",30,29,8,4,3,0,5,117,3,3,11,0.491525423728814,0,0.245762711864407,64
"C3","801",30,14,4,3,31,2,5,144,3,2,0,0.318181818181818,0.0606060606060606,0.189393939393939,72
"B1","802",22,92,7,NA,28,94,5,157,4,4,69,0.807017543859649,0.770491803278688,0.788754673569169,113
"B1","802",17,67,13,NA,56,81,5,173,5,4,31,0.797619047619048,0.591240875912409,0.694429961765728,102
"B1","802",5,19,15,NA,36,106,4,114,3,3,89,0.791666666666667,0.746478873239437,0.769072769953052,101.5
"B1","802",10,67,11,NA,37,76,5,97,5,5,58,0.87012987012987,0.672566371681416,0.771348120905643,77.5
"B1","802",7,92,11,NA,56,61,5,153,4,4,162,0.929292929292929,0.521367521367521,0.725330225330225,157.5
"B1","802",8,88,10,NA,29,45,5,131,4,4,36,0.916666666666667,0.608108108108108,0.762387387387387,83.5
"C3","804",35,20,8,0,NA,NA,5,58,0,NA,NA,0.363636363636364,NA,NA,NA
"C3","804",40,24,5,1,0,0,5,63,4,2,0,0.375,NA,NA,31.5
"C3","804",22,10,9,2,1,5,5,82,1,1,1,0.3125,0.833333333333333,0.572916666666667,41.5
"C3","804",13,33,6,0,NA,NA,4,53,3,3,0,0.717391304347826,NA,NA,26.5
"C3","804",35,18,5,1,15,0,5,81,0,NA,NA,0.339622641509434,0,0.169811320754717,NA
"C3","804",13,16,7,1,0,0,5,137,4,1,0,0.551724137931034,NA,NA,68.5
"B3","805",18,63,8,4,0,3,5,128,4,3,5,0.777777777777778,1,0.888888888888889,66.5
"B3","805",17,85,3,2,0,6,5,117,3,3,7,0.833333333333333,1,0.916666666666667,62
"B3","805",62,60,5,3,6,2,5,136,4,4,4,0.491803278688525,0.25,0.370901639344262,70
"B3","805",35,31,9,2,17,4,5,160,4,4,4,0.46969696969697,0.19047619047619,0.33008658008658,82
"B3","805",33,47,6,2,20,8,5,124,4,4,0,0.5875,0.285714285714286,0.436607142857143,62
"B3","805",30,41,1,2,26,3,5,143,4,4,19,0.577464788732394,0.103448275862069,0.340456532297232,81
"B1","808",55,105,11,NA,40,57,5,35,5,4,85,0.65625,0.587628865979381,0.621939432989691,60
"B1","808",6,55,9,NA,57,60,5,70,5,5,19,0.901639344262295,0.512820512820513,0.707229928541404,44.5
"B1","808",46,73,14,NA,58,15,5,83,4,4,27,0.613445378151261,0.205479452054795,0.409462415103027,55
"B1","808",98,187,12,NA,8,19,5,80,3,4,70,0.656140350877193,0.703703703703704,0.679922027290448,75
"B1","808",10,12,11,NA,53,90,5,70,4,4,40,0.545454545454545,0.629370629370629,0.587412587412587,55
"B1","808",4,20,13,NA,43,66,5,45,4,4,45,0.833333333333333,0.605504587155963,0.719418960244648,45
"B3","810",51,39,7,4,21,8,4,52,0,NA,NA,0.433333333333333,0.275862068965517,0.354597701149425,NA
"B3","810",48,32,9,3,18,31,5,80,2,2,1,0.4,0.63265306122449,0.516326530612245,40.5
"B3","810",31,48,9,5,7,5,4,112,0,NA,NA,0.607594936708861,0.416666666666667,0.512130801687764,NA
"B3","810",47,39,2,1,0,0,5,100,2,1,0,0.453488372093023,NA,NA,50
"B3","810",13,29,6,3,0,9,5,154,2,2,21,0.69047619047619,1,0.845238095238095,87.5
"B3","810",29,13,8,4,12,31,5,127,1,1,0,0.30952380952381,0.720930232558139,0.515227021040975,63.5
"C3","820",6,2,7,2,52,0,5,141,1,1,13,0.25,0,0.125,77
"C3","820",38,26,7,2,1,9,5,239,1,1,14,0.40625,0.9,0.653125,126.5
"C3","820",14,17,7,3,68,12,5,138,0,NA,NA,0.548387096774194,0.15,0.349193548387097,NA
"C3","820",7,11,8,1,17,0,5,175,4,3,27,0.611111111111111,0,0.305555555555556,101
"C3","820",7,35,8,2,3,18,5,168,3,3,24,0.833333333333333,0.857142857142857,0.845238095238095,96
"C3","820",11,32,6,2,3,6,5,183,3,3,20,0.744186046511628,0.666666666666667,0.705426356589147,101.5
"B3","821",52,20,4,1,19,37,5,112,4,4,0,0.277777777777778,0.660714285714286,0.469246031746032,56
"B3","821",105,21,3,2,29,0,5,78,2,2,0,0.166666666666667,0,0.0833333333333333,39
"B3","821",82,18,4,4,6,0,5,146,4,4,24,0.18,0,0.09,85
"B3","821",34,27,4,1,0,0,5,91,4,4,41,0.442622950819672,NA,NA,66
"B3","821",52,24,5,2,19,2,5,43,5,5,4,0.315789473684211,0.0952380952380952,0.205513784461153,23.5
"B3","821",41,24,4,3,30,1,5,129,4,4,29,0.369230769230769,0.032258064516129,0.200744416873449,79
"A4","832",40,19,8,2,1,0,5,78,1,0,NA,0.322033898305085,0,0.161016949152542,NA
"A4","832",14,12,10,0,NA,NA,5,63,0,NA,NA,0.461538461538462,NA,NA,NA
"A4","832",33,6,5,4,5,0,5,60,2,1,0,0.153846153846154,0,0.0769230769230769,30
"A4","832",12,25,8,3,2,0,5,105,3,2,0,0.675675675675676,0,0.337837837837838,52.5
"A4","832",54,5,4,1,1,0,5,22,4,3,0,0.0847457627118644,0,0.0423728813559322,11
"A4","832",33,25,8,3,0,0,5,33,0,NA,2,0.431034482758621,NA,NA,17.5
"B2","837",0,200,2,0,100,0,5,97,5,5,33,1,0,0.5,65
"B2","837",89,0,1,0,100,0,5,87,5,4,29,0,0,0,58
"B2","837",144,53,6,2,71,53,5,84,5,4,39,0.269035532994924,0.42741935483871,0.348227443916817,61.5
"B2","837",120,54,7,1,56,44,5,64,3,3,19,0.310344827586207,0.44,0.375172413793103,41.5
"B2","837",107,23,6,2,100,29,5,29,2,2,4,0.176923076923077,0.224806201550388,0.200864639236732,16.5
"B2","837",133,38,4,1,89,51,4,65,0,NA,NA,0.222222222222222,0.364285714285714,0.293253968253968,NA
"B2","843",175,72,10,4,128,31,5,49,5,5,0,0.291497975708502,0.19496855345912,0.243233264583811,24.5
"B2","843",62,41,9,3,78,71,5,38,4,3,0,0.398058252427184,0.476510067114094,0.437284159770639,19
"B2","843",117,91,6,3,70,63,5,44,4,2,11,0.4375,0.473684210526316,0.455592105263158,27.5
"B2","843",81,49,5,5,35,37,5,22,3,3,8,0.376923076923077,0.513888888888889,0.445405982905983,15
"B2","843",117,57,2,5,38,37,5,54,3,3,0,0.327586206896552,0.493333333333333,0.410459770114943,27
"B2","843",86,46,9,5,79,39,5,71,0,NA,NA,0.348484848484849,0.330508474576271,0.33949666153056,NA
"C3","850",12,3,6,4,2,1,5,113,3,3,2,0.2,0.333333333333333,0.266666666666667,57.5
"C3","850",17,7,9,5,22,8,5,124,2,2,0,0.291666666666667,0.266666666666667,0.279166666666667,62
"C3","850",7,7,7,4,1,5,5,113,3,3,0,0.5,0.833333333333333,0.666666666666667,56.5
"C3","850",3,22,7,5,0,0,5,83,3,3,1,0.88,NA,NA,42
"C3","850",3,14,9,3,0,0,5,106,3,3,0,0.823529411764706,NA,NA,53
"C3","850",3,4,5,5,21,10,5,105,5,5,5,0.571428571428571,0.32258064516129,0.447004608294931,55
"B3","852",45,38,9,1,46,0,5,66,5,5,2,0.457831325301205,0,0.228915662650602,34
"B3","852",31,52,8,3,0,0,5,118,4,4,60,0.626506024096386,NA,NA,89
"B3","852",66,21,8,4,0,1,5,69,4,4,3,0.241379310344828,1,0.620689655172414,36
"B3","852",42,17,9,3,3,0,5,100,4,5,2,0.288135593220339,0,0.144067796610169,51
"B3","852",36,29,8,2,16,0,5,101,4,3,20,0.446153846153846,0,0.223076923076923,60.5
"B3","852",62,18,7,3,24,23,5,125,5,5,3,0.225,0.48936170212766,0.35718085106383,64
"B2","853",67,68,8,1,174,54,5,192,5,5,98,0.503703703703704,0.236842105263158,0.370272904483431,145
"B2","853",114,77,5,2,58,37,5,105,5,4,104,0.403141361256544,0.389473684210526,0.396307522733535,104.5
"B2","853",56,112,5,3,65,100,5,173,4,3,42,0.666666666666667,0.606060606060606,0.636363636363636,107.5
"B2","853",53,88,8,2,25,15,4,95,3,NA,64,0.624113475177305,0.375,0.499556737588652,79.5
"B2","853",103,64,9,3,61,22,5,142,4,4,78,0.383233532934132,0.265060240963855,0.324146886948994,110
"B2","853",116,36,5,3,62,22,5,169,4,4,161,0.236842105263158,0.261904761904762,0.24937343358396,165
"B3","859",14,51,6,4,17,0,5,85,5,3,0,0.784615384615385,0,0.392307692307692,42.5
"B3","859",42,62,5,2,1,0,4,89,3,3,0,0.596153846153846,0,0.298076923076923,44.5
"B3","859",42,65,5,2,12,0,5,166,4,2,7,0.607476635514019,0,0.303738317757009,86.5
"B3","859",26,53,6,4,0,0,5,171,5,5,3,0.670886075949367,NA,NA,87
"B3","859",52,43,2,2,3,1,5,154,4,4,16,0.452631578947368,0.25,0.351315789473684,85
"B3","859",30,18,4,3,2,1,5,123,4,4,2,0.375,0.333333333333333,0.354166666666667,62.5
"B2","879",106,53,7,3,193,74,5,100,5,5,0,0.333333333333333,0.277153558052434,0.305243445692884,50
"B2","879",111,46,7,2,118,23,5,125,4,5,21,0.292993630573248,0.163120567375887,0.228057098974567,73
"B2","879",176,56,6,5,52,50,5,123,4,4,6,0.241379310344828,0.490196078431373,0.3657876943881,64.5
"B2","879",131,45,9,4,75,22,5,78,0,NA,NA,0.255681818181818,0.22680412371134,0.241242970946579,NA
"B2","879",174,86,7,5,81,64,5,63,3,1,0,0.330769230769231,0.441379310344828,0.386074270557029,31.5
"B2","879",129,68,6,5,42,19,5,93,0,NA,NA,0.345177664974619,0.311475409836066,0.328326537405342,NA
"B1","882",4,77,12,NA,4,32,5,69,5,4,0,0.950617283950617,0.888888888888889,0.919753086419753,34.5
"B1","882",27,55,10,NA,0,2,5,118,4,4,0,0.670731707317073,1,0.835365853658537,59
"B1","882",6,115,9,NA,0,0,5,11,5,5,0,0.950413223140496,NA,NA,5.5
"B1","882",4,149,10,NA,7,1,5,86,5,5,0,0.973856209150327,0.125,0.549428104575163,43
"B1","882",143,53,7,NA,9,0,5,51,4,3,0,0.270408163265306,0,0.135204081632653,25.5
"B1","882",85,82,14,NA,47,12,NA,NA,3,3,0,0.491017964071856,0.203389830508475,0.347203897290165,NA
"B3","882",59,27,4,3,0,0,5,94,5,5,0,0.313953488372093,NA,NA,47
"B3","882",37,9,5,4,0,0,5,77,2,5,0,0.195652173913043,NA,NA,38.5
"B3","882",76,40,8,2,79,0,5,101,5,3,0,0.344827586206897,0,0.172413793103448,50.5
"B3","882",64,6,6,4,9,0,5,70,3,1,0,0.0857142857142857,0,0.0428571428571429,35
"B3","882",19,15,4,3,1,0,3,61,3,1,0,0.441176470588235,0,0.220588235294118,30.5
"B3","882",44,24,2,3,3,0,5,98,4,2,0,0.352941176470588,0,0.176470588235294,49
"B3","897",29,57,6,2,72,0,5,56,4,2,0,0.662790697674419,0,0.331395348837209,28
"B3","897",41,63,7,2,0,0,5,70,3,2,0,0.605769230769231,NA,NA,35
"B3","897",45,36,6,2,4,1,5,90,4,2,0,0.444444444444444,0.2,0.322222222222222,45
"B3","897",24,42,3,0,100,0,5,72,3,2,NA,0.636363636363636,0,0.318181818181818,NA
"B3","897",29,26,4,0,100,0,5,84,4,2,0,0.472727272727273,0,0.236363636363636,42
"B3","897",17,28,8,1,6,1,5,92,4,0,NA,0.622222222222222,0.142857142857143,0.382539682539683,NA
"C3","900",33,21,7,4,3,29,5,174,5,4,50,0.388888888888889,0.90625,0.647569444444444,112
"C3","900",5,7,5,2,6,22,5,236,5,5,52,0.583333333333333,0.785714285714286,0.68452380952381,144
"C3","900",10,11,10,5,0,12,5,165,5,5,18,0.523809523809524,1,0.761904761904762,91.5
"C3","900",4,12,7,5,29,7,5,141,3,3,10,0.75,0.194444444444444,0.472222222222222,75.5
"C3","900",4,47,7,4,7,11,5,144,5,5,23,0.92156862745098,0.611111111111111,0.766339869281046,83.5
"C3","900",8,25,7,4,0,1,5,140,5,5,134,0.757575757575758,1,0.878787878787879,137
"B2","907",92,83,10,2,137,27,5,108,3,3,21,0.474285714285714,0.164634146341463,0.319459930313589,64.5
"B2","907",123,79,8,1,201,49,5,212,3,2,2,0.391089108910891,0.196,0.293544554455446,107
"B2","907",111,75,7,1,89,63,5,142,5,5,100,0.403225806451613,0.414473684210526,0.40884974533107,121
"B2","907",106,70,8,3,36,15,5,177,2,2,16,0.397727272727273,0.294117647058824,0.345922459893048,96.5
"B2","907",91,95,7,1,83,31,4,69,0,NA,NA,0.510752688172043,0.271929824561404,0.391341256366723,NA
"B2","907",134,135,7,1,107,57,5,143,4,4,61,0.50185873605948,0.347560975609756,0.424709855834618,102
"B3","908",12,73,6,4,25,0,5,83,2,2,0,0.858823529411765,0,0.429411764705882,41.5
"B3","908",36,70,5,2,13,0,5,54,4,3,0,0.660377358490566,0,0.330188679245283,27
"B3","908",30,36,6,2,0,0,4,90,4,4,0,0.545454545454545,NA,NA,45
"B3","908",16,56,5,5,2,0,5,90,4,4,12,0.777777777777778,0,0.388888888888889,51
"B3","908",26,25,7,2,2,0,5,138,4,4,31,0.490196078431373,0,0.245098039215686,84.5
"B3","908",23,13,6,2,3,0,5,100,2,2,0,0.361111111111111,0,0.180555555555556,50
"A3","91",77,14,6,0,100,0,5,45,4,4,0,0.153846153846154,0,0.0769230769230769,22.5
"A3","91",45,43,4,0,100,0,4,74,3,3,0,0.488636363636364,0,0.244318181818182,37
"A3","91",54,38,5,0,100,0,5,50,5,5,1,0.41304347826087,0,0.206521739130435,25.5
"A3","91",80,39,6,3,24,39,5,83,4,4,0,0.327731092436975,0.619047619047619,0.473389355742297,41.5
"A3","91",44,28,3,5,29,3,5,62,4,4,0,0.388888888888889,0.09375,0.241319444444444,31
"A3","91",18,58,7,4,37,35,5,61,3,3,0,0.763157894736842,0.486111111111111,0.624634502923977,30.5
"B2","913",94,108,5,3,60,88,5,298,5,5,194,0.534653465346535,0.594594594594595,0.564624029970565,246
"B2","913",48,148,6,5,91,101,5,126,5,5,116,0.755102040816326,0.526041666666667,0.640571853741497,121
"B2","913",101,115,8,2,19,53,5,248,3,3,40,0.532407407407407,0.736111111111111,0.634259259259259,144
"B2","913",48,130,9,5,69,82,4,198,4,4,89,0.730337078651685,0.543046357615894,0.63669171813379,143.5
"B2","913",26,148,7,5,65,66,5,124,4,4,67,0.850574712643678,0.50381679389313,0.677195753268404,95.5
"B2","913",32,108,10,3,38,38,5,232,5,5,193,0.771428571428571,0.5,0.635714285714286,212.5
"B3","93",19,62,9,5,2,4,4,133,4,4,3,0.765432098765432,0.666666666666667,0.716049382716049,68
"B3","93",52,143,1,4,3,6,5,171,4,4,54,0.733333333333333,0.666666666666667,0.7,112.5
"B3","93",25,33,8,4,10,17,5,173,5,5,10,0.568965517241379,0.62962962962963,0.599297573435504,91.5
"B3","93",4,50,8,5,2,15,4,160,4,3,35,0.925925925925926,0.882352941176471,0.904139433551198,97.5
"B3","93",21,26,8,4,3,3,5,195,4,4,12,0.553191489361702,0.5,0.526595744680851,103.5
"B3","93",31,23,9,4,26,12,5,195,5,5,13,0.425925925925926,0.315789473684211,0.370857699805068,104
